Size,FLOP/s
32,672648
64,7.12978e+06
128,5.80723e+07
256,4.90461e+08
512,2.71584e+09
1024,1.00888e+10
2048,2.73372e+10
4096,5.70614e+10
